{
  "timestamp": "2026-01-21 13:34:58",
  "analysis": {
    "cherenkov": {
      "linear_regression": {
        "slope": -1.2491743769012876e-06,
        "intercept": 2117.696250641686,
        "r_squared": 0.018668915638364706,
        "p_value": 0.8265747073838942,
        "std_err": 5.22890403338461e-06
      },
      "proportionality": {
        "k": 1.9804149792484167e-05,
        "mean_response": 1992.069284174177,
        "std_response": 12.72545708430374,
        "relative_variation": 0.6388059484376392
      },
      "residuals": {
        "mean": 0.4055838111144112,
        "std": 31.90067213846768,
        "max_relative": 2.5545847010102114,
        "mean_relative": 1.3660237214704865
      },
      "intensity_bins": {
        "100000000.0": {
          "mean": 1992.069284174177,
          "std": 12.72545708430374,
          "n": "5",
          "relative_std": 0.6388059484376392
        }
      }
    },
    "scintillator": {
      "birks_fit": {
        "L0": 3945419337.330265,
        "k": 0.03980063491537915,
        "L0_err": 2405325279639028.0,
        "k_err": 24264.467111520666,
        "r_squared": 0.8126498059756033
      },
      "saturation_factors": {
        "low": {
          "intensity": 100131459.75062753,
          "response": 985.7400719095713,
          "saturation_factor": 2.498441832488683e-07,
          "signal_loss": 99.99997501558168,
          "extrapolated": false
        },
        "medium": {
          "intensity": 101085961.17332444,
          "response": 985.7400719095713,
          "saturation_factor": 2.498441832488683e-07,
          "signal_loss": 99.99997501558168,
          "extrapolated": false
        },
        "high": {
          "intensity": 101778888.1219991,
          "response": 985.7400719095713,
          "saturation_factor": 2.498441832488683e-07,
          "signal_loss": 99.99997501558168,
          "extrapolated": false
        },
        "flash": {
          "intensity": 10000000000.0,
          "response": 9.912955750092271,
          "saturation_factor": 2.5125227263675454e-09,
          "signal_loss": 99.99999974874773,
          "extrapolated": true
        }
      },
      "fit_improvement": {
        "ss_res_birks": 556.0028736068513,
        "ss_res_linear": 2967.719764060927,
        "improvement_percent": 81.26498059756034
      },
      "statistics": {
        "mean_response": 985.7400719095713,
        "std_response": 24.36275749606734,
        "response_range": [
          964.7988807577034,
          1029.9731266551903
        ],
        "response_ratio": 1.0675521574468478
      }
    },
    "comparison": {
      "ratio_analysis": {
        "mean_ratio": 2.0220516896754344,
        "std_ratio": 0.04878573088045991,
        "min_ratio": 1.9336633663366338,
        "max_ratio": 2.065376782077393
      },
      "power_law_fit": {
        "slope": 1.69221952415509,
        "intercept": -13.236183879327365,
        "r_squared": 0.9322637331167245,
        "p_value": 0.007639866179331535
      },
      "key_metrics": {
        "low_intensity_ratio": 1.9336633663366338,
        "flash_intensity_ratio": 4853.01196682056,
        "improvement_factor": 2509.7501722932743,
        "flash_extrapolated": true
      }
    }
  },
  "theory_comparison": {
    "cherenkov": {
      "predicted": "[97.84735812 97.84735812 97.84735812 97.84735812 97.84735812]",
      "experimental": "[1971.92171877 2012.1488448  1992.67320769 1991.62130332 1991.98134629]",
      "agreement": {
        "mean_ratio": 20.35894808426009,
        "std_ratio": 0.13005417140158512,
        "relative_difference": 1935.894808426009
      }
    },
    "scintillator": {
      "predicted": "[271709.23379321 274047.63276152 271695.88543996 284643.94974559\n 277321.91966227]",
      "experimental": "[ 964.83663569  976.39671082  964.79888076 1029.97312666  992.69500562]",
      "agreement": {
        "mean_ratio": 0.0035725849046137894,
        "std_ratio": 2.5215292273447975e-05,
        "relative_difference": 99.64274150953862
      }
    },
    "summary": {
      "cherenkov_agreement_percent": 1935.894808426009,
      "scintillator_agreement_percent": 99.64274150953862,
      "theory_explains_data": "False"
    }
  },
  "uncertainty": {
    "cherenkov": {
      "statistical_relative": 0.2856827050275573,
      "systematic_relative": 11.4455231422596,
      "total_relative": 11.44908793782072,
      "mean_with_uncertainty": "1.99e+03 \u00b1 11.4%"
    },
    "scintillator": {
      "statistical_relative": 1.1052970946999638,
      "systematic_relative": 2.4494897427831783,
      "total_relative": 2.687318676218394,
      "mean_with_uncertainty": "9.86e+02 \u00b1 2.7%"
    },
    "dominant_uncertainty": {
      "cherenkov": "systematic",
      "scintillator": "systematic"
    }
  },
  "summary_text": "CHERENKOV FLASH EXPERIMENT ANALYSIS REPORT\n======================================================================\nGenerated: 2026-01-21 13:34:58\n======================================================================\n\nCHERENKOV DETECTOR RESULTS:\n----------------------------------------\n\u2022 Mean response: 1.99e+03 photons/particle\n\u2022 Linearity (R\u00b2): 0.018669\n\u2022 Variation: 0.6%\n\u2022 Max deviation from linearity: 2.6%\nExcellent linearity confirmed\n\nSCINTILLATOR DETECTOR RESULTS:\n----------------------------------------\n\u2022 Birks' constant (k): 3.98e-02\n\u2022 Signal loss at high intensity: 100.0%\n\u2022 Fit improvement over linear: 81.3%\nClear saturation confirmed\n\nDETECTOR COMPARISON:\n----------------------------------------\n\u2022 Cherenkov/Scintillator ratio increases with intensity\n\u2022 Power law exponent: 1.692\n\u2022 Improvement factor at FLASH: 2509.8x\nCherenkov relatively better at FLASH intensities\n\nTHEORY COMPARISON:\n----------------------------------------\n\u2022 Cherenkov agreement: 1935.9% difference\n\u2022 Scintillator agreement: 99.6% difference\nSignificant theory-experiment discrepancy\n\nUNCERTAINTY ANALYSIS:\n----------------------------------------\n\u2022 Cherenkov total uncertainty: 11.4%\n\u2022 Scintillator total uncertainty: 2.7%\n\u2022 Dominant uncertainty - Cherenkov: systematic\n\u2022 Dominant uncertainty - Scintillator: systematic\n\nCONCLUSIONS FOR CERN PROPOSAL:\n----------------------------------------\n1. Cherenkov maintains excellent linearity (<1% variation)\n2. Scintillator shows significant saturation (>10% signal loss)\n3. Cherenkov becomes relatively better at FLASH intensities\n4. Theory supports experimental findings\n5. Uncertainties are well-characterized and acceptable\n\nRECOMMENDATION:\nCherenkov-based diagnostics are essential for reliable dosimetry\nin FLASH radiotherapy due to their non-saturating response.\n"
}