{
  "timestamp": "2026-01-21 13:40:10",
  "analysis": {
    "cherenkov": {
      "linear_regression": {
        "slope": -1.0951876750780037e-08,
        "intercept": 1997.9294921617106,
        "r_squared": 0.00026057463165812155,
        "p_value": 0.9161809366416485,
        "std_err": 1.0345027827740618e-07
      },
      "proportionality": {
        "k": 3.1097261795375414e-05,
        "mean_response": 1997.696889983971,
        "std_response": 20.499889572645397,
        "relative_variation": 1.0261761769479394
      },
      "residuals": {
        "mean": 1337.2355845888073,
        "std": 940.1720798315044,
        "max_relative": 6482.295871827139,
        "mean_relative": 1971.8743249360377
      },
      "intensity_bins": {
        "10000000.0": {
          "mean": 1999.5127354743133,
          "std": 26.224991841710157,
          "n": "10",
          "relative_std": 1.3115691326411687
        },
        "30000000.0": {
          "mean": 2004.5872679243657,
          "std": 12.16892501510663,
          "n": "10",
          "relative_std": 0.6070538913332941
        },
        "100000000.0": {
          "mean": 1992.069284174177,
          "std": 12.72545708430374,
          "n": "5",
          "relative_std": 0.6388059484376392
        }
      }
    },
    "scintillator": {
      "birks_fit": {
        "L0": 69330.20734674613,
        "k": 4.734414663143219e-07,
        "L0_err": 1011.8588139272321,
        "k_err": 1.551727504911893e-08,
        "r_squared": 0.9971912434360926
      },
      "saturation_factors": {
        "low": {
          "intensity": 3106947.872231901,
          "response": 26591.142178976163,
          "saturation_factor": 0.38354338168908075,
          "signal_loss": 61.64566183109193,
          "extrapolated": false
        },
        "medium": {
          "intensity": 9919705.49945304,
          "response": 13449.654054069726,
          "saturation_factor": 0.1939941414974141,
          "signal_loss": 80.60058585025858,
          "extrapolated": false
        },
        "high": {
          "intensity": 30948388.97036691,
          "response": 4755.624752283895,
          "saturation_factor": 0.06859383426475632,
          "signal_loss": 93.14061657352437,
          "extrapolated": false
        },
        "flash": {
          "intensity": 10000000000.0,
          "response": 14.640789092106015,
          "saturation_factor": 0.00021117474838755333,
          "signal_loss": 99.97888252516125,
          "extrapolated": true
        }
      },
      "fit_improvement": {
        "ss_res_birks": 34947561.21441828,
        "ss_res_linear": 12442360318.261662,
        "improvement_percent": 99.71912434360925
      },
      "statistics": {
        "mean_response": 20578.368212999234,
        "std_response": 16628.19581197462,
        "response_range": [
          964.7988807577034,
          47928.582171194415
        ],
        "response_ratio": 49.67727795616199
      }
    },
    "comparison": {
      "ratio_analysis": {
        "mean_ratio": 0.3775051271277737,
        "std_ratio": 0.5984735761519049,
        "min_ratio": 0.041101694915254235,
        "max_ratio": 2.065376782077393
      },
      "power_law_fit": {
        "slope": 0.7783688268872268,
        "intercept": -6.150232506682332,
        "r_squared": 0.9540571741888112,
        "p_value": 2.1385083718228948e-30
      },
      "key_metrics": {
        "low_intensity_ratio": 0.042616033755274264,
        "flash_intensity_ratio": 42.99874323114531,
        "improvement_factor": 1008.9804104734097,
        "flash_extrapolated": true
      }
    }
  },
  "theory_comparison": {
    "cherenkov": {
      "predicted": "[97.84735812 97.84735812 97.84735812 97.84735812 97.84735812 97.84735812\n 97.84735812 97.84735812 97.84735812 97.84735812 97.84735812 97.84735812\n 97.84735812 97.84735812 97.84735812 97.84735812 97.84735812 97.84735812\n 97.84735812 97.84735812 97.84735812 97.84735812 97.84735812 97.84735812\n 97.84735812 97.84735812 97.84735812 97.84735812 97.84735812 97.84735812\n 97.84735812 97.84735812 97.84735812 97.84735812 97.84735812 97.84735812\n 97.84735812 97.84735812 97.84735812 97.84735812 97.84735812 97.84735812\n 97.84735812 97.84735812 97.84735812]",
      "experimental": "[1971.92171877 2012.1488448  1992.67320769 1991.62130332 1991.98134629\n 2013.21731045 1997.56679566 1993.38749322 1944.22636471 2010.49846982\n 2002.98552357 1957.91841755 1966.29683949 2017.96518748 1967.98417854\n 1982.02162206 2018.02405456 2021.27626798 1983.83045507 2011.82623402\n 1995.7714061  1998.00315727 1998.18866543 2014.76367452 1999.26147691\n 1976.12185555 2027.67210555 2038.80652457 1965.2570997  1991.49606704\n 2031.27922771 1979.89748799 2016.91985    1966.99418443 2000.68295219\n 2021.49838907 1997.59912559 2015.3495195  1989.75928159 1993.6417388\n 2004.47917671 2008.66058188 2005.43648081 1986.37827848 2023.07010682]",
      "agreement": {
        "mean_ratio": 20.416462215636184,
        "std_ratio": 0.20950887143243577,
        "relative_difference": 1941.6462215636184
      }
    },
    "scintillator": {
      "predicted": "[ 271709.23379321  274047.63276152  271695.88543996  284643.94974559\n  277321.91966227 1658333.06315528 1657985.07239779 1658333.70599517\n 1658146.0636444  1658192.54697339 1658639.00114877 1658487.80253817\n 1658414.39439888 1658362.3103979  1658424.95283316 1621591.79108308\n 1619847.39712637 1622245.74171376 1621651.76046077 1622770.2691145\n 1620993.54323299 1620646.34224466 1620652.57383024 1619526.2706109\n 1620266.24231939 1432272.49847469 1436165.63506686 1439816.29756917\n 1451580.92355152 1437566.73976492 1438436.55848485 1441487.12075249\n 1434576.9855656  1435372.80582973 1446578.57593667  871845.45590813\n  915657.13586766  902978.75364884  879881.1169672   895648.43690698\n  889418.76845184  896897.35246766  882800.46029436  893782.70483905\n  892190.2890259 ]",
      "experimental": "[  964.83663569   976.39671082   964.79888076  1029.97312666\n   992.69500562 47340.50606245 46642.21498605 47342.95296402\n 46936.37385508 47010.18480892 47928.58217119 47635.95325168\n 47451.95944288 47352.25241919 47492.67941066 26703.12088888\n 26358.498805   26843.06381365 26727.49069689 26964.96129793\n 26589.23297369 26514.38152101 26516.84329601 26266.09084884\n 26427.73764785 13223.0112293  13346.20116349 13461.73629545\n 13846.60422    13389.37915203 13418.81415161 13518.54649388\n 13295.12596437 13320.65840761 13676.46346295  4571.69635682\n  4972.30654381  4855.27909872  4643.61174962  4785.38641032\n  4731.28742795  4798.25109984  4671.75543825  4771.04481095\n  4755.62858656]",
      "agreement": {
        "mean_ratio": 0.013643257046729753,
        "std_ratio": 0.009038534432497053,
        "relative_difference": 98.63567429532702
      }
    },
    "summary": {
      "cherenkov_agreement_percent": 1941.6462215636184,
      "scintillator_agreement_percent": 98.63567429532702,
      "theory_explains_data": "False"
    }
  },
  "uncertainty": {
    "cherenkov": {
      "statistical_relative": 0.15297331256976301,
      "systematic_relative": 11.445523142259598,
      "total_relative": 11.446545366806467,
      "mean_with_uncertainty": "2.00e+03 \u00b1 11.4%"
    },
    "scintillator": {
      "statistical_relative": 12.045586185097369,
      "systematic_relative": 2.449489742783178,
      "total_relative": 12.292117252231552,
      "mean_with_uncertainty": "2.06e+04 \u00b1 12.3%"
    },
    "dominant_uncertainty": {
      "cherenkov": "systematic",
      "scintillator": "statistical"
    }
  },