{
  "timestamp": "2026-01-21 13:50:16",
  "analysis": {
    "cherenkov": {
      "linear_regression": {
        "slope": -1.7275464544821336e-06,
        "intercept": 1919.4519593089287,
        "r_squared": 0.839479125663966,
        "p_value": 2.7751607926054404e-54,
        "std_err": 6.575118382152755e-08
      },
      "proportionality": {
        "k": 9.686588010432634e-07,
        "mean_response": 1216.5316267297637,
        "std_response": 664.2424513161892,
        "relative_variation": 54.60133026724358
      },
      "residuals": {
        "mean": 822.3946327181171,
        "std": 986.4272714112432,
        "max_relative": 2043.0420689915954,
        "mean_relative": 833.3845323172804
      },
      "intensity_bins": {
        "100000000.0": {
          "mean": 2000.746006558653,
          "std": 21.086594568902196,
          "n": "50",
          "relative_std": 1.0539366066346327
        },
        "110000000.0": {
          "mean": 2001.7064154356437,
          "std": 19.79522706126344,
          "n": "39",
          "relative_std": 0.9889176009337654
        },
        "300000000.0": {
          "mean": 1041.2277983670137,
          "std": 24.882438481374255,
          "n": "44",
          "relative_std": 2.3897209160568003
        },
        "310000000.0": {
          "mean": 1034.2898220374161,
          "std": 30.084413152287112,
          "n": "50",
          "relative_std": 2.9087024266587815
        },
        "320000000.0": {
          "mean": 1034.2898220374161,
          "std": 30.084413152287112,
          "n": "50",
          "relative_std": 2.9087024266587815
        },
        "330000000.0": {
          "mean": 1034.2898220374161,
          "std": 30.084413152287112,
          "n": "50",
          "relative_std": 2.9087024266587815
        },
        "340000000.0": {
          "mean": 1029.8531391283143,
          "std": 27.07903221871579,
          "n": "46",
          "relative_std": 2.629407163980289
        },
        "960000000.0": {
          "mean": 331.2778397642615,
          "std": 4.173513769342229,
          "n": "34",
          "relative_std": 1.259822803816916
        },
        "970000000.0": {
          "mean": 331.2778397642615,
          "std": 4.173513769342229,
          "n": "34",
          "relative_std": 1.259822803816916
        },
        "980000000.0": {
          "mean": 331.2778397642615,
          "std": 4.173513769342229,
          "n": "34",
          "relative_std": 1.259822803816916
        },
        "990000000.0": {
          "mean": 331.2778397642615,
          "std": 4.173513769342229,
          "n": "34",
          "relative_std": 1.259822803816916
        },
        "1000000000.0": {
          "mean": 331.2778397642615,
          "std": 4.173513769342229,
          "n": "34",
          "relative_std": 1.259822803816916
        },
        "1010000000.0": {
          "mean": 331.2778397642615,
          "std": 4.173513769342229,
          "n": "34",
          "relative_std": 1.259822803816916
        }
      }
    },
    "scintillator": {
      "birks_fit": {
        "L0": 55635542400.890236,
        "k": 0.5994962051277405,
        "L0_err": 7.991652440986371e+16,
        "k_err": 861133.9610744776,
        "r_squared": 0.9233840437195943
      },
      "saturation_factors": {
        "low": {
          "intensity": 101426668.92169641,
          "response": 983.6389110972689,
          "saturation_factor": 1.7680045320840253e-08,
          "signal_loss": 99.99999823199546,
          "extrapolated": false
        },
        "medium": {
          "intensity": 311811686.8161233,
          "response": 115.24387974038878,
          "saturation_factor": 2.0714074990045345e-09,
          "signal_loss": 99.99999979285926,
          "extrapolated": false
        },
        "high": {
          "intensity": 807924028.2863182,
          "response": 114.86702220514664,
          "saturation_factor": 2.06463381586999e-09,
          "signal_loss": 99.99999979353662,
          "extrapolated": true
        },
        "flash": {
          "intensity": 10000000000.0,
          "response": 9.280382747336166,
          "saturation_factor": 1.6680672726195383e-10,
          "signal_loss": 99.99999998331933,
          "extrapolated": true
        }
      },
      "fit_improvement": {
        "ss_res_birks": 2010707.4317996018,
        "ss_res_linear": 26243977.487413198,
        "improvement_percent": 92.33840437195943
      },
      "statistics": {
        "mean_response": 413.1173108168566,
        "std_response": 442.5500855996727,
        "response_range": [
          11.668571070286065,
          1058.9137750338357
        ],
        "response_ratio": 90.74922444705781
      }
    },
    "comparison": {
      "ratio_analysis": {
        "mean_ratio": 11.02626018818039,
        "std_ratio": 9.923673704984527,
        "min_ratio": 1.8750000000000002,
        "max_ratio": 27.76779661016949
      },
      "power_law_fit": {
        "slope": 1.1472930803346524,
        "intercept": -8.848704860215673,
        "r_squared": 0.9925957542929336,
        "p_value": 1.6910422683349196e-142
      },
      "key_metrics": {
        "low_intensity_ratio": 1.9757757757757757,
        "flash_intensity_ratio": 420.9455697424739,
        "improvement_factor": 213.053310453304,
        "flash_extrapolated": true
      }
    }
  },
  "theory_comparison": {
    "cherenkov": {
      "predicted": "[97.84735812 97.84735812 97.84735812 97.84735812 97.84735812 97.84735812\n 97.84735812 97.84735812 97.84735812 97.84735812 97.84735812 97.84735812\n 97.84735812 97.84735812 97.84735812 97.84735812 97.84735812 97.84735812\n 97.84735812 97.84735812 97.84735812 97.84735812 97.84735812 97.84735812\n 97.84735812 97.84735812 97.84735812 97.84735812 97.84735812 97.84735812\n 97.84735812 97.84735812 97.84735812 97.84735812 97.84735812 97.84735812\n 97.84735812 97.84735812 97.84735812 97.84735812 97.84735812 97.84735812\n 97.84735812 97.84735812 97.84735812 97.84735812 97.84735812 97.84735812\n 97.84735812 97.84735812 97.84735812 97.84735812 97.84735812 97.84735812\n 97.84735812 97.84735812 97.84735812 97.84735812 97.84735812 97.84735812\n 97.84735812 97.84735812 97.84735812 97.84735812 97.84735812 97.84735812\n 97.84735812 97.84735812 97.84735812 97.84735812 97.84735812 97.84735812\n 97.84735812 97.84735812 97.84735812 97.84735812 97.84735812 97.84735812\n 97.84735812 97.84735812 97.84735812 97.84735812 97.84735812 97.84735812\n 97.84735812 97.84735812 97.84735812 97.84735812 97.84735812 97.84735812\n 97.84735812 97.84735812 97.84735812 97.84735812 97.84735812 97.84735812\n 97.84735812 97.84735812 97.84735812 97.84735812 97.84735812 97.84735812\n 97.84735812 97.84735812 97.84735812 97.84735812 97.84735812 97.84735812\n 97.84735812 97.84735812 97.84735812 97.84735812 97.84735812 97.84735812\n 97.84735812 97.84735812 97.84735812 97.84735812 97.84735812 97.84735812\n 97.84735812 97.84735812 97.84735812 97.84735812 97.84735812 97.84735812\n 97.84735812 97.84735812 97.84735812 97.84735812 97.84735812 97.84735812\n 97.84735812 97.84735812]",