{
  "timestamp": "2026-01-21 13:46:20",
  "analysis": {
    "cherenkov": {
      "linear_regression": {
        "slope": -2.8890906750044776e-06,
        "intercept": 2052.8369829235926,
        "r_squared": 0.9906318245193224,
        "p_value": 3.9855667782234815e-96,
        "std_err": 2.9133393104724764e-08
      },
      "proportionality": {
        "k": 1.6875542150909158e-06,
        "mean_response": 1317.934854525137,
        "std_response": 645.1128241971562,
        "relative_variation": 48.94876419590525
      },
      "residuals": {
        "mean": 888.6692744629339,
        "std": 1019.0480026126746,
        "max_relative": 121194.69744460908,
        "mean_relative": 17972.315635115978
      },
      "intensity_bins": {
        "10000000.0": {
          "mean": 1999.5127354743133,
          "std": 26.224991841710157,
          "n": "10",
          "relative_std": 1.3115691326411687
        },
        "30000000.0": {
          "mean": 2004.5872679243657,
          "std": 12.16892501510663,
          "n": "10",
          "relative_std": 0.6070538913332941
        },
        "100000000.0": {
          "mean": 1992.069284174177,
          "std": 12.72545708430374,
          "n": "5",
          "relative_std": 0.6388059484376392
        },
        "450000000.0": {
          "mean": 706.1490226121864,
          "std": 13.9695695070586,
          "n": "50",
          "relative_std": 1.9782749900838736
        },
        "460000000.0": {
          "mean": 706.1490226121864,
          "std": 13.9695695070586,
          "n": "50",
          "relative_std": 1.9782749900838736
        },
        "470000000.0": {
          "mean": 706.1490226121864,
          "std": 13.9695695070586,
          "n": "50",
          "relative_std": 1.9782749900838736
        },
        "480000000.0": {
          "mean": 706.1490226121864,
          "std": 13.9695695070586,
          "n": "50",
          "relative_std": 1.9782749900838736
        }
      }
    },
    "scintillator": {
      "birks_fit": {
        "L0": 69416.49575735141,
        "k": 4.7500029860205596e-07,
        "L0_err": 722.1907499919664,
        "k_err": 1.1082283131671112e-08,
        "r_squared": 0.9982911481810276
      },
      "saturation_factors": {
        "low": {
          "intensity": 9999832.60171023,
          "response": 13449.654054069726,
          "saturation_factor": 0.1937529964215367,
          "signal_loss": 80.62470035784632,
          "extrapolated": false
        },
        "medium": {
          "intensity": 446898691.05094624,
          "response": 54.53672216227712,
          "saturation_factor": 0.0007856449906793447,
          "signal_loss": 99.92143550093206,
          "extrapolated": false
        },
        "high": {
          "intensity": 464922196.70105416,
          "response": 54.53672216227712,
          "saturation_factor": 0.0007856449906793447,
          "signal_loss": 99.92143550093206,
          "extrapolated": false
        },
        "flash": {
          "intensity": 10000000000.0,
          "response": 14.61091393998358,
          "saturation_factor": 0.00021048187150006406,
          "signal_loss": 99.97895181285,
          "extrapolated": true
        }
      },
      "fit_improvement": {
        "ss_res_birks": 38310415.8755025,
        "ss_res_linear": 22418805100.690834,
        "improvement_percent": 99.82911481810277
      },
      "statistics": {
        "mean_response": 9776.351638874521,
        "std_response": 15361.882114914666,
        "response_range": [
          50.2567176013289,
          47928.582171194415
        ],
        "response_ratio": 953.6751395385018
      }
    },
    "comparison": {
      "ratio_analysis": {
        "mean_ratio": 6.998704237791514,
        "std_ratio": 6.297480096863812,
        "min_ratio": 0.041101694915254235,
        "max_ratio": 13.483950617283952
      },
      "power_law_fit": {
        "slope": 1.009288756887134,
        "intercept": -7.684933929685121,
        "r_squared": 0.9809638984619332,
        "p_value": 8.336688197781157e-82
      },
      "key_metrics": {
        "low_intensity_ratio": 0.04282744282744282,
        "flash_intensity_ratio": 255.83127731595903,
        "improvement_factor": 5973.5361353871995,
        "flash_extrapolated": true
      }
    }
  },
  "theory_comparison": {
    "cherenkov": {
      "predicted": "[97.84735812 97.84735812 97.84735812 97.84735812 97.84735812 97.84735812\n 97.84735812 97.84735812 97.84735812 97.84735812 97.84735812 97.84735812\n 97.84735812 97.84735812 97.84735812 97.84735812 97.84735812 97.84735812\n 97.84735812 97.84735812 97.84735812 97.84735812 97.84735812 97.84735812\n 97.84735812 97.84735812 97.84735812 97.84735812 97.84735812 97.84735812\n 97.84735812 97.84735812 97.84735812 97.84735812 97.84735812 97.84735812\n 97.84735812 97.84735812 97.84735812 97.84735812 97.84735812 97.84735812\n 97.84735812 97.84735812 97.84735812 97.84735812 97.84735812 97.84735812\n 97.84735812 97.84735812 97.84735812 97.84735812 97.84735812 97.84735812\n 97.84735812 97.84735812 97.84735812 97.84735812 97.84735812 97.84735812\n 97.84735812 97.84735812 97.84735812 97.84735812 97.84735812 97.84735812\n 97.84735812 97.84735812 97.84735812 97.84735812 97.84735812 97.84735812\n 97.84735812 97.84735812 97.84735812 97.84735812 97.84735812 97.84735812\n 97.84735812 97.84735812 97.84735812 97.84735812 97.84735812 97.84735812\n 97.84735812 97.84735812 97.84735812 97.84735812 97.84735812 97.84735812\n 97.84735812 97.84735812 97.84735812 97.84735812 97.84735812]",
      "experimental": "[1971.92171877 2012.1488448  1992.67320769 1991.62130332 1991.98134629\n 2013.21731045 1997.56679566 1993.38749322 1944.22636471 2010.49846982\n 2002.98552357 1957.91841755 1966.29683949 2017.96518748 1967.98417854\n 1982.02162206 2018.02405456 2021.27626798 1983.83045507 2011.82623402\n 1995.7714061  1998.00315727 1998.18866543 2014.76367452 1999.26147691\n 1976.12185555 2027.67210555 2038.80652457 1965.2570997  1991.49606704\n 2031.27922771 1979.89748799 2016.91985    1966.99418443 2000.68295219\n 2021.49838907 1997.59912559 2015.3495195  1989.75928159 1993.6417388\n 2004.47917671 2008.66058188 2005.43648081 1986.37827848 2023.07010682\n  711.73308529  682.44439298  706.35123528  690.51451029  703.87399202\n  713.58205232  699.69776996  710.53041442  716.63117918  707.72485278\n  703.27299332  733.186305    717.68866164  719.58623296  698.39982655\n  691.44815823  704.49852485  727.87237512  723.43827942  701.950881\n  690.72447569  713.90490795  734.37300879  680.14643271  699.75944404\n  698.70001268  727.29093821  700.61653503  698.71431034  692.08309194\n  709.1230842   677.65909832  684.37082286  685.96703816  698.77569338\n  717.6256128   726.35747218  703.21871145  698.24454019  705.76725103\n  706.54159848  733.27497098  712.22471166  705.0278369   726.25519434\n  689.75028536  697.06484503  707.19447057  707.99910926  714.26990348]",
      "agreement": {
        "mean_ratio": 13.469294213246899,
        "std_ratio": 6.593053063294936,
        "relative_difference": 1246.9294213246899
      }
    },